muni_no,roll_no_txt,municipality,address,units,acres,du_per_acre,built,building_value,type,note
500,424739.000,500 - CITY OF BRANDON,1640 SYCAMORE DR,208,5.42,38.4,2022,27161900,,
500,514794.000,500 - CITY OF BRANDON,2 QUAIL RIDGE DR,132,4.66,28.3,2026,22361100,,
500,561944.000,500 - CITY OF BRANDON,2200 PACIFIC AVE,128,3.6,35.6,2017,18605400,,
500,560664.000,500 - CITY OF BRANDON,2005 TRACEY ST,116,6.27,18.5,2019,18162100,,
500,391789.000,500 - CITY OF BRANDON,501 BRAECREST DR,108,4.02,26.9,2021,15804100,,
500,562264.000,500 - CITY OF BRANDON,1501 BRAECREST DR,72,3.81,18.9,2025,10105200,,
500,564807.000,500 - CITY OF BRANDON,5 OUTBACK DR,72,3.25,22.2,2021,9589200,,
500,203299.000,500 - CITY OF BRANDON,2105 BRANDON AVE,63,1.76,35.8,2019,6405300,,
500,30817.000,500 - CITY OF BRANDON,638 PACIFIC AVE,59,0.88,67,2021,5919700,,
500,346858.000,500 - CITY OF BRANDON,1324 1ST ST N,48,1.28,37.5,2016,8054300,,
500,568568.000,500 - CITY OF BRANDON,415 25TH ST,48,2.09,23,2026,5611500,,
500,946327.000,500 - CITY OF BRANDON,Unit A - 2211 PORTOLA DR,36,0.39,92.3,2027,5746700,,
500,946335.000,500 - CITY OF BRANDON,Unit B - 2211 PORTOLA DR,36,0.53,67.9,2027,5893400,,
500,391615.000,500 - CITY OF BRANDON,1315 LARK ST,32,1.06,30.2,2024,5661100,,
500,17533.000,500 - CITY OF BRANDON,705 LORNE AVE,30,0.41,73.2,2023,4178300,,
500,21733.000,500 - CITY OF BRANDON,155 18TH ST,29,0.81,35.8,2024,5383600,,
500,514166.000,500 - CITY OF BRANDON,1321 13TH ST,27,0.77,35.1,2027,2783700,,
500,17194.000,500 - CITY OF BRANDON,512 PRINCESS AVE,24,0.48,50,2018,2554600,,
500,217349.000,500 - CITY OF BRANDON,353 16TH ST N,24,0.96,25,2027,4573500,,
500,235598.000,500 - CITY OF BRANDON,4110 VICTORIA AVE,24,0.93,25.8,2027,7273600,,
500,391631.000,500 - CITY OF BRANDON,735 BRAECREST DR,24,0.67,35.8,2021,4469400,,
500,398545.000,500 - CITY OF BRANDON,531 QUEENS AVE E,21,1.14,18.4,2017,3084800,,
500,474056.000,500 - CITY OF BRANDON,1 VALCOURT WAY,18,1.23,14.6,2021,4629400,,
500,82131.000,500 - CITY OF BRANDON,725 VAN HORNE AVE,18,0.95,18.9,2024,3102400,,
500,27896.000,500 - CITY OF BRANDON,309 PRINCESS AVE,16,0.25,64,2025,2816300,,
500,32672.000,500 - CITY OF BRANDON,19 13TH ST,15,0.22,68.2,2023,920900,,
500,20701.000,500 - CITY OF BRANDON,1528 PRINCESS AVE,14,0.22,63.6,2026,2826700,,
500,138552.000,500 - CITY OF BRANDON,617 17TH ST,12,0.27,44.4,2027,900900,,
500,235671.000,500 - CITY OF BRANDON,Unit D - 4151 MCTAVISH AVE,12,0.19,63.2,2020,1920700,,
500,235689.000,500 - CITY OF BRANDON,Unit C - 4151 MCTAVISH AVE,12,0.2,60,2019,1735200,,
500,235697.000,500 - CITY OF BRANDON,Unit B - 4151 MCTAVISH AVE,12,0.22,54.5,2018,1722200,,
500,235705.000,500 - CITY OF BRANDON,Unit E - 4151 MCTAVISH AVE,12,0.21,57.1,2020,1901600,,
500,235713.000,500 - CITY OF BRANDON,Unit F - 4151 MCTAVISH AVE,12,0.24,50,2020,1868600,,
500,235721.000,500 - CITY OF BRANDON,Unit A - 4151 MCTAVISH AVE,12,0.22,54.5,2019,1720300,,
500,23689.000,500 - CITY OF BRANDON,148 13TH ST,12,0.23,52.2,2016,1615600,,
500,84673.000,500 - CITY OF BRANDON,338 VICTORIA AVE,12,0.38,31.6,2016,1759800,,
500,85159.000,500 - CITY OF BRANDON,204 VICTORIA AVE,12,0.37,32.4,2021,1935500,,
500,92163.000,500 - CITY OF BRANDON,710 FRANKLIN ST,12,0.35,34.3,2022,1944600,,
500,20529.000,500 - CITY OF BRANDON,264 15TH ST,10,0.23,43.5,2023,438400,,
500,32045.000,500 - CITY OF BRANDON,943 ROSSER AVE,9,0.08,112.5,2019,426100,,
500,81299.000,500 - CITY OF BRANDON,759A - 759B 6TH ST,9,0.27,33.3,2027,1636900,,
500,125773.000,500 - CITY OF BRANDON,2605 ROSSER AVE,8,0.28,28.6,2021,1261400,,
500,181909.000,500 - CITY OF BRANDON,927 26TH ST,8,0.29,27.6,2020,1956200,,
500,27714.000,500 - CITY OF BRANDON,139 5TH ST,8,0.1,80,2016,542600,,
500,31625.000,500 - CITY OF BRANDON,829 ROSSER AVE,8,0.1,80,2018,1043800,,
500,33225.000,500 - CITY OF BRANDON,1609 ROSSER AVE,8,0.17,47.1,2024,1440200,,
500,75887.000,500 - CITY OF BRANDON,820 1ST ST,8,0.22,36.4,2026,1660100,,
500,82651.000,500 - CITY OF BRANDON,512 7TH ST,8,0.18,44.4,2027,1391500,,
500,85654.000,500 - CITY OF BRANDON,553 2ND ST,8,0.32,25,2018,990000,,
500,1198.000,500 - CITY OF BRANDON,338 LOUISE AVE,6,0.17,35.3,2023,956200,,
500,124123.000,500 - CITY OF BRANDON,436 21ST ST,6,0.17,35.3,2025,1197700,,
500,149971.000,500 - CITY OF BRANDON,711 11TH ST,6,0.21,28.6,2016,758000,,
500,150631.000,500 - CITY OF BRANDON,655 11TH ST,6,0.2,30,2020,884100,,
500,16287.000,500 - CITY OF BRANDON,241 4TH ST,6,0.14,42.9,2027,253100,,
500,296038.000,500 - CITY OF BRANDON,1010 RICHMOND AVE,6,0.21,28.6,2022,1003500,,
500,62984.000,500 - CITY OF BRANDON,1334 7TH ST,6,0.24,25,2024,1157500,,
500,66035.000,500 - CITY OF BRANDON,1262 1ST ST,6,0.21,28.6,2024,1079400,,
500,85308.000,500 - CITY OF BRANDON,539 3RD ST,6,0.18,33.3,2021,975100,,
500,85357.000,500 - CITY OF BRANDON,563 3RD ST,6,0.18,33.3,2020,987700,,
500,92122.000,500 - CITY OF BRANDON,714 FRANKLIN ST,6,0.21,28.6,2022,1066000,,
500,32458.000,500 - CITY OF BRANDON,24 11TH ST,5,0.25,20,2018,387200,,
500,116616.000,500 - CITY OF BRANDON,125 24TH ST,4,0.17,23.5,2027,792100,,
500,11825.000,500 - CITY OF BRANDON,354 8TH ST,4,0.11,36.4,2025,734500,,
500,145144.000,500 - CITY OF BRANDON,814 13TH ST,4,0.14,28.6,2027,373200,,
500,146811.000,500 - CITY OF BRANDON,618 12TH ST,4,0.14,28.6,2021,552000,,
500,148924.000,500 - CITY OF BRANDON,802 11TH ST,4,0.14,28.6,2025,709300,,
500,179572.000,500 - CITY OF BRANDON,861 22ND ST,4,0.17,23.5,2020,499500,,
500,19281.000,500 - CITY OF BRANDON,229 12TH ST,4,0.14,28.6,2017,494200,,
500,204503.000,500 - CITY OF BRANDON,1061 13TH ST,4,0.19,21.1,2016,428700,,
500,20776.000,500 - CITY OF BRANDON,1540 PRINCESS AVE,4,0.09,44.4,2019,285600,,
500,21618.000,500 - CITY OF BRANDON,229 18TH ST,4,0.16,25,2027,176200,,
500,296228.000,500 - CITY OF BRANDON,1534 10TH ST,4,0.14,28.6,2021,561800,,
500,3442.000,500 - CITY OF BRANDON,418 8TH ST,4,0.12,33.3,2022,669100,,
500,35709.000,500 - CITY OF BRANDON,59 10TH ST N,4,0.21,19,2018,312900,,
500,404608.000,500 - CITY OF BRANDON,801 FREDERICK ST,4,0.27,14.8,2018,290500,,
500,50872.000,500 - CITY OF BRANDON,202 ROSSER AVE E,4,0.16,25,2022,661200,,
500,58859.000,500 - CITY OF BRANDON,1439 6TH ST,4,0.2,20,2019,748700,,
500,63073.000,500 - CITY OF BRANDON,730 QUEENS AVE,4,0.21,19,2018,545200,,
500,69757.000,500 - CITY OF BRANDON,1053 8TH ST,4,0.21,19,2021,538700,,
500,71977.000,500 - CITY OF BRANDON,1002 1ST ST,4,0.21,19,2027,749800,,
500,80077.000,500 - CITY OF BRANDON,722 7TH ST,4,0.18,22.2,2025,785600,,
500,81224.000,500 - CITY OF BRANDON,741 6TH ST,4,0.18,22.2,2018,509800,,
500,88724.000,500 - CITY OF BRANDON,517 FRANKLIN ST,4,0.19,21.1,2019,612200,,
500,94102.000,500 - CITY OF BRANDON,947 1ST ST,4,0.22,18.2,2018,523800,,
500,147413.000,500 - CITY OF BRANDON,527 12TH ST,3,0.14,21.4,2019,656500,,
500,149674.000,500 - CITY OF BRANDON,847 11TH ST,3,0.13,23.1,2021,436800,,
500,28803.000,500 - CITY OF BRANDON,115 3RD ST,3,0.14,21.4,2018,394300,,
500,2923.000,500 - CITY OF BRANDON,420 7TH ST,3,0.16,18.8,2020,197500,,
500,41749.000,500 - CITY OF BRANDON,402 PARK ST,3,0.14,21.4,2019,561100,,
500,419408.000,500 - CITY OF BRANDON,2235 BRANDON AVE,3,0.22,13.6,2020,254600,,
500,48769.000,500 - CITY OF BRANDON,139 LORNE AVE E,3,0.21,14.3,2019,577000,,
500,512566.000,500 - CITY OF BRANDON,729 17TH ST,3,0.15,20,2023,1096000,,
500,53751.000,500 - CITY OF BRANDON,415 ROSSER AVE E,3,0.13,23.1,2017,390200,,
500,58404.000,500 - CITY OF BRANDON,1404 6TH ST,3,0.14,21.4,2023,518000,,
500,63081.000,500 - CITY OF BRANDON,1315 8TH ST,3,0.14,21.4,2019,490300,,
500,67074.000,500 - CITY OF BRANDON,1151 5TH ST,3,0.14,21.4,2016,360900,,
500,67652.000,500 - CITY OF BRANDON,1128 6TH ST,3,0.15,20,2016,375200,,
500,90274.000,500 - CITY OF BRANDON,659 RIDEAU ST,3,0.14,21.4,2016,496500,,
500,92312.000,500 - CITY OF BRANDON,705 PERCY ST,3,0.14,21.4,2027,516100,,
451,14195.000,451 - CITY OF STEINBACH,330 - 340 STONE BRIDGE CROS,131,3.53,37.1,2018,8036300,,
451,461340.000,451 - CITY OF STEINBACH,4 BRIGHTON LANE,108,3.97,27.2,2022,11668000,,
451,5208.000,451 - CITY OF STEINBACH,67 - 85 PARKVIEW CRES,102,4.72,21.6,2019,5889200,,
451,1480.000,451 - CITY OF STEINBACH,"40, 48 - 54 MARKET BLVD",66,3.5,18.9,2026,10035700,,
451,45140.000,451 - CITY OF STEINBACH,60 MCKENZIE,45,5.04,8.9,2027,6511700,,
451,5206.000,451 - CITY OF STEINBACH,181 PENFELD DR,45,1.67,26.9,2023,5589200,,
451,1473.000,451 - CITY OF STEINBACH,49 MARKET BLVD,36,1.09,33,2027,5752300,,
451,4050.000,451 - CITY OF STEINBACH,295 LOEWEN BLVD,33,0.91,36.3,2016,3979400,,
451,22100.000,451 - CITY OF STEINBACH,55 FIRST ST,32,0.99,32.3,2021,5212600,,
451,22400.000,451 - CITY OF STEINBACH,71 FIRST ST,32,0.99,32.3,2023,4441800,,
451,23000.000,451 - CITY OF STEINBACH,111 FIRST ST,30,0.94,31.9,2024,4031600,,
451,103600.000,451 - CITY OF STEINBACH,510 WILSON ST,29,1.37,21.2,2016,1548500,,
451,103550.000,451 - CITY OF STEINBACH,299 KROEKER AVE,24,1.51,15.9,2023,396300,,
451,1475.000,451 - CITY OF STEINBACH,55 MARKET BLVD,24,1.24,19.4,2027,3583600,,
451,19220.000,451 - CITY OF STEINBACH,224 WOODHAVEN AVE,24,0.52,46.2,2025,2661500,,
451,3150.000,451 - CITY OF STEINBACH,191 MAPLEWOOD ST,24,0.77,31.2,2023,2595800,,
451,3170.000,451 - CITY OF STEINBACH,165 MAPLEWOOD ST,24,0.77,31.2,2026,2282800,,
451,4000.000,451 - CITY OF STEINBACH,135 MAPLEWOOD ST,24,0.83,28.9,2027,2466800,,
451,426556.000,451 - CITY OF STEINBACH,63 ESSEX DR,24,1.01,23.8,2027,3276800,,
451,426568.000,451 - CITY OF STEINBACH,73 ESSEX DR,24,0.97,24.7,2027,3329500,,
451,62100.000,451 - CITY OF STEINBACH,248 HANOVER ST,24,0.91,26.4,2019,2690200,,
451,464536.000,451 - CITY OF STEINBACH,51 ASHFORD LANE,22,0.74,29.7,2021,2650900,,
451,19210.000,451 - CITY OF STEINBACH,228 WOODHAVEN AVE,21,0.52,40.4,2025,2913400,,
451,19230.000,451 - CITY OF STEINBACH,220 WOODHAVEN AVE,21,0.52,40.4,2023,3012100,,
451,19240.000,451 - CITY OF STEINBACH,216 WOODHAVEN AVE,21,0.52,40.4,2022,2742600,,
451,101800.000,451 - CITY OF STEINBACH,593 MAIN ST,20,0.7,28.6,2027,3030500,,
451,24800.000,451 - CITY OF STEINBACH,70 FIRST ST,20,0.61,32.8,2021,2518900,,
451,219800.000,451 - CITY OF STEINBACH,186 CHAPEL DR,18,0.91,19.8,2020,2246300,,
451,22610.000,451 - CITY OF STEINBACH,85 FIRST ST,18,0.7,25.7,2027,2515300,,
451,41700.000,451 - CITY OF STEINBACH,124 BRANDT ST,16,0.51,31.4,2021,2302000,,
451,42270.000,451 - CITY OF STEINBACH,29 CAMBRIDGE WAY,16,0.52,30.8,2020,1932300,,
451,167600.000,451 - CITY OF STEINBACH,330 FIRST ST,15,0.42,35.7,2026,2481200,,
451,46000.000,451 - CITY OF STEINBACH,208 BRANDT ST,15,0.39,38.5,2027,2307900,,
451,46000.020,451 - CITY OF STEINBACH,206 BRANDT ST,15,0.35,42.9,2027,2325200,,
451,19250.000,451 - CITY OF STEINBACH,236 WOODHAVEN AVE,14,4.26,3.3,2023,2748100,,
451,219000.000,451 - CITY OF STEINBACH,177 BRANDT ST,14,0.48,29.2,2016,1807800,,
451,202630.000,451 - CITY OF STEINBACH,302 FOURTH ST,12,0.49,24.5,2016,1525100,,
451,42275.000,451 - CITY OF STEINBACH,35 CAMBRIDGE WAY,12,0.5,24,2016,1467000,,
451,144817.000,451 - CITY OF STEINBACH,13 BEAVER CRES,10,0.52,19.2,2024,1011700,,
451,144819.000,451 - CITY OF STEINBACH,17 BEAVER CRES,10,0.63,15.9,2024,914900,,
451,19270.000,451 - CITY OF STEINBACH,188 LUND RD,10,0.26,38.5,2027,1684800,,
451,464540.000,451 - CITY OF STEINBACH,42 ASHFORD LANE,10,0.44,22.7,2021,1218000,,
451,464544.000,451 - CITY OF STEINBACH,54 ASHFORD LANE,10,0.39,25.6,2022,1245100,,
451,19200.000,451 - CITY OF STEINBACH,232 WOODHAVEN AVE,9,0.47,19.1,2023,1426500,,
451,3000.000,451 - CITY OF STEINBACH,126 MAPLEWOOD ST,9,0.32,28.1,2022,936900,,
451,134200.000,451 - CITY OF STEINBACH,476 - 478 REIMER AVE,8,0.54,14.8,2018,219800,,
451,139600.000,451 - CITY OF STEINBACH,445 BARKMAN AVE,8,0.35,22.9,2016,243900,,
451,220700.000,451 - CITY OF STEINBACH,Unit 1-8 - 71 CHRYSLER GATE,8,0.05,160,2024,2371900,,
451,220710.000,451 - CITY OF STEINBACH,83 CHRYSLER GATE,8,0.34,23.5,2020,1060100,,
451,220715.000,451 - CITY OF STEINBACH,87 CHRYSLER GATE,8,0.34,23.5,2020,1060100,,
451,24300.000,451 - CITY OF STEINBACH,44 FIRST ST,8,0.31,25.8,2021,921300,,
451,2480.000,451 - CITY OF STEINBACH,209 STONE BRIDGE CROS,8,0.27,29.6,2021,847100,,
451,40822.000,451 - CITY OF STEINBACH,185 REIMER AVE W,8,0.56,14.3,2018,437900,,
451,40824.000,451 - CITY OF STEINBACH,175 REIMER AVE W,8,0.56,14.3,2018,437600,,
451,40826.000,451 - CITY OF STEINBACH,165 REIMER AVE W,8,0.57,14,2018,426300,,
451,40828.000,451 - CITY OF STEINBACH,155 REIMER AVE W,8,0.5,16,2018,479900,,
451,83800.000,451 - CITY OF STEINBACH,280 BARKMAN AVE,8,0.34,23.5,2025,344300,,
451,167200.000,451 - CITY OF STEINBACH,304 FIRST ST,7,0.37,18.9,2027,505100,,
451,19260.000,451 - CITY OF STEINBACH,180 LUND RD,6,0.26,23.1,2023,810500,,
451,195000.000,451 - CITY OF STEINBACH,600 MAIN ST,6,0.24,25,2026,908000,,
451,219200.000,451 - CITY OF STEINBACH,181 BRANDT ST,6,0.33,18.2,2027,365700,,
451,66800.000,451 - CITY OF STEINBACH,286 HENRY ST,6,0.18,33.3,2027,827400,,
451,202510.000,451 - CITY OF STEINBACH,92 REIMER AVE,5,0.42,11.9,2027,274400,,
451,214980.000,451 - CITY OF STEINBACH,205 MCKENZIE AVE,4,0.21,19,2026,573100,,
451,25500.000,451 - CITY OF STEINBACH,44 ELLICE AVE,4,0.28,14.3,2027,361500,,
451,320298.000,451 - CITY OF STEINBACH,217 BISCAYNE DR,4,0.3,13.3,2016,623500,,
451,425095.000,451 - CITY OF STEINBACH,16 KOOTENAY WAY,4,0.25,16,2016,382900,,
451,425143.000,451 - CITY OF STEINBACH,40 - 46 ROSEBROOK TRL,4,0.25,16,2026,554200,,
451,425179.000,451 - CITY OF STEINBACH,57 - 63 ROSEBROOK TRL,4,0.25,16,2026,811300,,
451,425182.000,451 - CITY OF STEINBACH,81 - 87 ROSEBROOK TRL,4,0.25,16,2026,862700,,
451,45810.000,451 - CITY OF STEINBACH,405 - 407 GIESBRECHT ST,4,0.21,19,2022,240400,,
451,464548.000,451 - CITY OF STEINBACH,62 - 68 ASHFORD LANE,4,0.29,13.8,2023,614500,,
451,108000.000,451 - CITY OF STEINBACH,299 HENRY ST,3,0.28,10.7,2023,208000,,
451,1580.000,451 - CITY OF STEINBACH,50 PTH 12 N,3,8.25,0.4,2021,2245500,,
451,320296.000,451 - CITY OF STEINBACH,209 BISCAYNE DR,3,0.26,11.5,2016,512300,,
451,320300.000,451 - CITY OF STEINBACH,98-100 - 102 CLEARWATER AVE,3,0.33,9.1,2018,330800,,
451,564800.000,451 - CITY OF STEINBACH,210 Keating RD,3,3.5,0.9,2025,766300,,
447,288370.000,447 - CITY OF SELKIRK,1027 MANITOBA AVE,270,8.74,30.9,2017,37388400,,
447,287538.000,447 - CITY OF SELKIRK,900 VAUGHAN AV,84,4.76,17.6,2021,15187500,row,already labelled
447,287908.000,447 - CITY OF SELKIRK,800 VAUGHAN AVE,67,1.21,55.4,2026,15912500,,
447,76000.000,447 - CITY OF SELKIRK,355 EVELINE ST,49,0.38,128.9,2026,11481900,,
447,288380.000,447 - CITY OF SELKIRK,1029 MANITOBA AVE,40,3.26,12.3,2024,7540800,,
447,87300.000,447 - CITY OF SELKIRK,424 EVELINE ST,40,0.69,58,2016,4214700,,
447,49600.000,447 - CITY OF SELKIRK,215 REID AVE,37,0.65,56.9,2019,3737500,,
447,287749.000,447 - CITY OF SELKIRK,300 Tudor Road AVE W,34,5.5,6.2,2016,4627500,,
447,121301.000,447 - CITY OF SELKIRK,85 MAIN ST,32,1.28,25,2020,2297100,,
447,202100.000,447 - CITY OF SELKIRK,602 - 608 CHRISTIE AVE,12,0.35,34.3,2019,1237500,,
447,90900.000,447 - CITY OF SELKIRK,201 - 215 ROBINSON AVE,11,0.6,18.3,2023,1208700,,
447,48900.000,447 - CITY OF SELKIRK,233 EVELINE ST,10,0.79,12.7,2027,2457600,,
447,91600.000,447 - CITY OF SELKIRK,210 - 226 ROBINSON AVE,9,0.62,14.5,2023,980100,,
447,207200.000,447 - CITY OF SELKIRK,425 MAIN ST,8,0.16,50,2022,1524000,,
447,81100.000,447 - CITY OF SELKIRK,209 EATON AVE,7,0.17,41.2,2021,449400,,
447,149780.000,447 - CITY OF SELKIRK,26 - 28 OUTHWAITE DR,6,0.49,12.2,2023,641400,,
447,22900.000,447 - CITY OF SELKIRK,210 MAIN ST,6,0.48,12.5,2022,1521800,,
560,233900.101,560 - CITY OF THOMPSON,364 - 424 PRINCETON DR,273,8.35,32.7,2018,15689100,,
560,132000.000,560 - CITY OF THOMPSON,107 NICKEL RD,114,5.66,20.1,2016,6134100,,
560,233300.000,560 - CITY OF THOMPSON,274 PRINCETON DR,77,1.65,46.7,2027,3731100,,
560,169900.000,560 - CITY OF THOMPSON,376 - 392 THOMPSON DR,48,3.79,12.7,2021,2431900,,
560,261500.000,560 - CITY OF THOMPSON,413 PRINCETON DR,30,0.71,42.3,2025,1228300,,
560,5806.000,560 - CITY OF THOMPSON,510 STATION RD,30,1.44,20.8,2023,4003900,,
560,5100.000,560 - CITY OF THOMPSON,6 CARLETON AVE,24,0.81,29.6,2025,696600,,
560,132100.000,560 - CITY OF THOMPSON,121 NICKEL RD,19,1.47,12.9,2016,964500,,
560,132400.000,560 - CITY OF THOMPSON,135 NICKEL RD,19,0.37,51.4,2016,1021600,,
560,225300.000,560 - CITY OF THOMPSON,24A - 24B CAMBRIDGE ST,12,0.65,18.5,2018,1345900,,
560,227200.000,560 - CITY OF THOMPSON,25A - 25C CAMBRIDGE ST,12,0.53,22.6,2018,1357200,,
560,51500.000,560 - CITY OF THOMPSON,128 HEMLOCK CRES,12,0.3,40,2027,931100,,
560,207200.000,560 - CITY OF THOMPSON,37 CENTENNIAL DR W,8,0.4,20,2016,821500,,
560,81900.000,560 - CITY OF THOMPSON,20 FOX BAY,8,0.47,17,2016,335000,,
560,126600.000,560 - CITY OF THOMPSON,35 FOX BAY,7,0.4,17.5,2023,284200,,
550,362820.000,550 - CITY OF PORTAGE LA PRAIRIE,31 - 71 OXFORD COMMON,128,3.45,37.1,2021,8590000,,
550,341920.000,550 - CITY OF PORTAGE LA PRAIRIE,1020 - 1080 DUFFERIN AVE E,123,3.46,35.5,2021,14759300,,
550,341925.000,550 - CITY OF PORTAGE LA PRAIRIE,1120 DUFFERIN AVE E,118,2.73,43.2,2027,17782300,,
550,19300.000,550 - CITY OF PORTAGE LA PRAIRIE,1525 SASKATCHEWAN AVE W,54,0.76,71.1,2027,8456500,,
550,333900.000,550 - CITY OF PORTAGE LA PRAIRIE,340 - 490 4TH AVE NE,12,3.66,3.3,2021,2246000,,
550,362804.000,550 - CITY OF PORTAGE LA PRAIRIE,315 OXFORD COMN,12,0.51,23.5,2025,3323800,,
550,362806.000,550 - CITY OF PORTAGE LA PRAIRIE,305 OXFORD COMN,12,0.54,22.2,2022,3158800,,
550,188900.000,550 - CITY OF PORTAGE LA PRAIRIE,103 1ST ST NW,8,0.17,47.1,2026,1711400,,
550,192200.000,550 - CITY OF PORTAGE LA PRAIRIE,160B 1st ST NW,8,0.42,19,2016,376600,,
550,65450.000,550 - CITY OF PORTAGE LA PRAIRIE,Unit 540 - 560 13TH ST NW,8,2.88,2.8,2017,999000,,
550,174600.000,550 - CITY OF PORTAGE LA PRAIRIE,61 TUPPER ST S,7,0.17,41.2,2020,188700,,
550,124700.000,550 - CITY OF PORTAGE LA PRAIRIE,19 5TH ST NW,6,0.12,50,2024,694700,,
550,150700.000,550 - CITY OF PORTAGE LA PRAIRIE,59 3RD ST NW,6,0.14,42.9,2027,1223800,,
550,196400.000,550 - CITY OF PORTAGE LA PRAIRIE,110 ROYAL RD N,6,0.15,40,2023,298200,,
550,345000.000,550 - CITY OF PORTAGE LA PRAIRIE,635 DUFFERIN AVE E,6,0.25,24,2019,618800,,
550,170400.000,550 - CITY OF PORTAGE LA PRAIRIE,39 2ND ST SW,5,0.27,18.5,2027,243100,,
550,284300.000,550 - CITY OF PORTAGE LA PRAIRIE,64 3RD ST SE,5,0.4,12.5,2019,491700,,
550,196500.000,550 - CITY OF PORTAGE LA PRAIRIE,104 ROYAL RD N,4,0.23,17.4,2020,317900,,
550,284000.000,550 - CITY OF PORTAGE LA PRAIRIE,70 3RD ST SE,4,0.19,21.1,2018,402500,,
550,348000.000,550 - CITY OF PORTAGE LA PRAIRIE,839 DUKE AVE,4,0.25,16,2027,288000,,
550,358500.000,550 - CITY OF PORTAGE LA PRAIRIE,109 10TH ST NE,4,0.24,16.7,2026,399600,,
550,234200.000,550 - CITY OF PORTAGE LA PRAIRIE,120 LORNE AVE E,3,0.12,25,2020,180700,,
550,341518.000,550 - CITY OF PORTAGE LA PRAIRIE,709 WILLOW BAY,3,0.16,18.8,2023,310300,,
351,570.000,351 - TOWN OF STE. ANNE,147 - 153 CHAMPAGNE ST,62,2.36,26.3,2025,8564000,,
351,42100.000,351 - TOWN OF STE. ANNE,54 VOYAGEUR DR,60,2.76,21.7,2022,8572100,,
351,64000.000,351 - TOWN OF STE. ANNE,290 NORMANDEAU AVE,52,4.25,12.2,2027,7017300,,
351,59010.000,351 - TOWN OF STE. ANNE,255 ST ALPHONSE AVE,43,4.64,9.3,2019,6294800,,
351,35000.000,351 - TOWN OF STE. ANNE,109 ST GERARD ST,38,9.51,4,2022,5087600,,
351,44010.000,351 - TOWN OF STE. ANNE,744 TRAVERSE RD,24,1.64,14.6,2019,1784800,,
351,42408.000,351 - TOWN OF STE. ANNE,29 - 35 SEINE RIVER CROSSING,20,0.89,22.5,2020,2265900,,
351,42444.000,351 - TOWN OF STE. ANNE,13 - 15 SEINE RIVER CROSSING,20,0.83,24.1,2019,2573900,,
351,10500.000,351 - TOWN OF STE. ANNE,46 LANGEVIN RD,19,1.36,14,2020,1575400,,
351,42500.000,351 - TOWN OF STE. ANNE,418 CENTRAL AVE,16,1.5,10.7,2017,2023200,,
351,44000.000,351 - TOWN OF STE. ANNE,748 TRAVERSE RD,16,1.65,9.7,2024,1855400,,
351,10407.000,351 - TOWN OF STE. ANNE,39 FALCON BAY,15,0.68,22.1,2027,1810200,,
351,10408.000,351 - TOWN OF STE. ANNE,27 FALCON BAY,12,0.38,31.6,2026,1501700,,
351,10409.000,351 - TOWN OF STE. ANNE,21 FALCON BAY,12,0.38,31.6,2026,1499100,,
351,10410.000,351 - TOWN OF STE. ANNE,15 FALCON BAY,12,0.45,26.7,2026,1726900,,
351,37600.000,351 - TOWN OF STE. ANNE,320 CENTRAL AVE,12,1.2,10,2019,866400,,
351,42428.000,351 - TOWN OF STE. ANNE,23 SEINE RIVER CROSSING,12,0.52,23.1,2021,1337000,,
351,42440.000,351 - TOWN OF STE. ANNE,17 SEINE RIVER CROSSING,12,0.55,21.8,2019,1369300,,
351,52450.000,351 - TOWN OF STE. ANNE,18 ARENA RD,12,0.34,35.3,2026,1291300,,
351,42458.000,351 - TOWN OF STE. ANNE,1 SEINE RIVER CROSSING RD,9,1.05,8.6,2018,1023900,,
351,10411.000,351 - TOWN OF STE. ANNE,7 FALCON BAY,6,0.37,16.2,2026,1358500,,
351,38000.000,351 - TOWN OF STE. ANNE,340 CENTRAL AVE,4,0.61,6.6,2027,207500,,
463,203356.000,463 - CITY OF WINKLER,445 NORTHLANDS PKY,120,3.6,33.3,2023,17586100,,
463,300.000,463 - CITY OF WINKLER,650 SOUTH RAILWAY AVE,96,0.78,123.1,2017,15761300,,
463,315.000,463 - CITY OF WINKLER,650 SOUTH RAILWAY AVE,72,0.78,92.3,2021,8564500,,
463,203379.000,463 - CITY OF WINKLER,NA,36,2.41,14.9,2026,5144600,,
463,183158.000,463 - CITY OF WINKLER,224 VICTORIA ST,28,0.5,56,2026,3477600,,
463,76500.000,463 - CITY OF WINKLER,159 MAIN ST,12,0.91,13.2,2027,424500,,
463,183145.000,463 - CITY OF WINKLER,135 VICTORIA ST,9,0.36,25,2026,1416400,,
463,183146.000,463 - CITY OF WINKLER,119 VICTORIA ST,9,0.3,30,2025,1416400,,
463,39700.000,463 - CITY OF WINKLER,115 MAIN ST S,9,0.44,20.5,2024,1265300,,
463,29500.000,463 - CITY OF WINKLER,345 2ND ST,8,0.29,27.6,2023,473800,,
463,331305.000,463 - CITY OF WINKLER,1108 Schooner DR,8,0.37,21.6,2021,994200,,
463,331310.000,463 - CITY OF WINKLER,1126 Schooner DR,8,0.34,23.5,2022,995800,,
463,331315.000,463 - CITY OF WINKLER,1144 Schooner DR,8,0.34,23.5,2025,1186800,,
463,183153.000,463 - CITY OF WINKLER,182 VICTORIA ST,6,0.4,15,2022,745100,,
463,27000.000,463 - CITY OF WINKLER,195 6TH ST,6,0.31,19.4,2021,558100,,
463,28800.000,463 - CITY OF WINKLER,342 2ND ST,6,0.29,20.7,2021,664600,,
463,133200.000,463 - CITY OF WINKLER,233 ROYAL CRES,5,0.19,26.3,2026,626400,,
463,7750.000,463 - CITY OF WINKLER,235 4TH ST,3,0.15,20,2019,278500,,
194,83410.000,194 - RM OF TACHE,14 RIVER RIDGE DR,96,4.83,19.9,2024,15812800,,
194,42201.000,194 - RM OF TACHE,64 SAND PIPER TRL,74,3.03,24.4,2025,9266600,,
194,107340.000,194 - RM OF TACHE,237 MARCOUX AVE,48,1.32,36.4,2017,4741400,,
194,107390.000,194 - RM OF TACHE,265 MARCOUX AVE,48,2.05,23.4,2021,6940000,,
194,42370.000,194 - RM OF TACHE,277 SAND PIPER TRL,40,1.75,22.9,2023,5101300,,
194,42255.000,194 - RM OF TACHE,272 SAND PIPER TRL,30,1.11,27,2023,3535000,,
194,42275.000,194 - RM OF TACHE,348 SAND PIPER TRL,26,1.12,23.2,2024,3385800,,
194,42719.000,194 - RM OF TACHE,10 A/B FIRST AVE S,8,0.59,13.6,2024,569400,,
194,42335.000,194 - RM OF TACHE,EAGLE COVE,4,0.28,14.3,2026,511600,,
194,42340.000,194 - RM OF TACHE,16 EAGLE COVE,4,0.3,13.3,2026,503200,,
340,36010.100,340 - TOWN OF NIVERVILLE,102 RANGE AVE,56,1.51,37.1,2026,12246700,,
340,33205.000,340 - TOWN OF NIVERVILLE,161/171 2ND AVE S,49,2.43,20.2,2019,12324200,,
340,22500.000,340 - TOWN OF NIVERVILLE,93 4TH AVE S,48,1.68,28.6,2023,6712100,,
340,19500.000,340 - TOWN OF NIVERVILLE,111 2ND AVE S,35,2.61,13.4,2017,2043000,,
340,36010.200,340 - TOWN OF NIVERVILLE,101 RANGE AVE,30,1.09,27.5,2025,5700300,,
340,21300.000,340 - TOWN OF NIVERVILLE,71 4TH AVE S,24,0.88,27.3,2020,3141800,,
340,21900.000,340 - TOWN OF NIVERVILLE,79 4TH AVE S,22,0.56,39.3,2020,3230500,,
340,22200.000,340 - TOWN OF NIVERVILLE,78 3RD AVE S,10,0.57,17.5,2024,1352500,,
340,2000.000,340 - TOWN OF NIVERVILLE,50 - 58 2ND ST N,5,0.19,26.3,2021,848900,,
340,32160.000,340 - TOWN OF NIVERVILLE,10 CEDAR DR,3,0.91,3.3,2017,970500,,
135,113729.000,135 - RM OF HANOVER,41 EDGEMONT PL,42,0.66,63.6,2024,5792100,,
135,113732.000,135 - RM OF HANOVER,86 CRESTVIEW LANE,27,1.22,22.1,2024,3500800,,
135,113711.000,135 - RM OF HANOVER,129 ROCKRIDGE DR,20,0.93,21.5,2024,2958100,,
135,144000.075,135 - RM OF HANOVER,12 BARAK DR,20,1,20,2019,1925700,,
135,113733.000,135 - RM OF HANOVER,80 CRESTVIEW LANE,18,0.83,21.7,2023,2443300,,
135,144000.091,135 - RM OF HANOVER,28 BARAK DR,18,0.9,20,2021,1891300,,
135,113730.000,135 - RM OF HANOVER,51 EDGEMONT PL,16,0.66,24.2,2022,2062900,,
135,113731.000,135 - RM OF HANOVER,61 EDGEMONT PL,16,0.68,23.5,2022,1987400,,
135,113734.000,135 - RM OF HANOVER,72 CRESTVIEW LANE,16,0.62,25.8,2023,2313800,,
135,138100.133,135 - RM OF HANOVER,54 FRIESEN AVE,16,3.1,5.2,2025,2377600,,
135,187700.000,135 - RM OF HANOVER,30032 PTH 52,12,5.07,2.4,2023,2092900,,
135,245517.000,135 - RM OF HANOVER,96 REDWING TRL,12,0.97,12.4,2026,1799000,,
135,67600.105,135 - RM OF HANOVER,25 PRIMROSE LANE,12,0.43,27.9,2026,1788300,,
135,138100.026,135 - RM OF HANOVER,37 BEECHWOOD ST,8,0.74,10.8,2022,1152000,,
135,79576.200,135 - RM OF HANOVER,339 NEUFELD DR,8,0.41,19.5,2026,863600,,
135,113756.000,135 - RM OF HANOVER,52 EDGEMONT PL,6,0.25,24,2023,890700,,
135,113757.000,135 - RM OF HANOVER,38 EDGEMONT PL,6,0.38,15.8,2023,816700,,
135,113759.000,135 - RM OF HANOVER,22 EDGEMONT PL,6,0.33,18.2,2023,856300,,
453,86605.000,453 - TOWN OF STONEWALL,622 CENTRE AVE,194,3.73,52,2019,16461500,,
453,110440.000,453 - TOWN OF STONEWALL,600 3rd AVE S,33,0.97,34,2022,5469400,,
453,110450.000,453 - TOWN OF STONEWALL,3 - 5 QUARRY RIDGE DR,32,1.16,27.6,2025,5109900,,
453,54900.000,453 - TOWN OF STONEWALL,Unit 1-9 - 286 3RD AVE N,9,0.34,26.5,2026,1890800,,
401,91846.000,401 - TOWN OF BEAUSEJOUR,153 JOYCE ST,53,5.46,9.7,2025,7712300,,
401,91849.000,401 - TOWN OF BEAUSEJOUR,161 JOYCE ST,42,4.38,9.6,2026,6222900,,
401,91845.000,401 - TOWN OF BEAUSEJOUR,156 fifth ST S,36,2.47,14.6,2025,5451600,,
401,91030.270,401 - TOWN OF BEAUSEJOUR,51 KAATZ DR,35,1.15,30.4,2021,4698200,,
401,91847.000,401 - TOWN OF BEAUSEJOUR,157 JOYCE ST,33,4.44,7.4,2025,4656600,,
401,90090.000,401 - TOWN OF BEAUSEJOUR,100 EVERGREEN ST,27,0.77,35.1,2025,4314800,,
401,78050.000,401 - TOWN OF BEAUSEJOUR,816 GERTRUDE AVE,22,0.9,24.4,2023,4426700,,
401,78600.000,401 - TOWN OF BEAUSEJOUR,70 FIRST ST S,4,0.27,14.8,2027,915700,,
165,161530.000,165 - RM OF RITCHOT,1 - 5 TOUROND CREEK DR,91,4.96,18.3,2023,15670300,mixed,already labelled
165,104092.000,165 - RM OF RITCHOT,511 MEADOWLARK BLVD,58,3.55,16.3,2016,8068900,row,already labelled
165,294940.000,165 - RM OF RITCHOT,1039 OLD PTH 59,36,3.53,10.2,2016,6694000,,
165,203400.000,165 - RM OF RITCHOT,420 MAIN ST,30,1.76,17,2027,5478900,,
165,87100.000,165 - RM OF RITCHOT,359 DUFAULT DR,12,1,12,2018,1112100,,
165,89600.000,165 - RM OF RITCHOT,503 MAIN ST,12,1.09,11,2023,466400,,
165,89500.000,165 - RM OF RITCHOT,483 MAIN ST,6,0.6,10,2027,1162600,,
165,82400.000,165 - RM OF RITCHOT,430 MAIN ST,4,0.59,6.8,2019,1100900,,
139,290400.000,139 - RM OF LAC DU BONNET,308 LEE RIVER RD,78,42.33,1.8,2024,6824400,,
139,278570.000,139 - RM OF LAC DU BONNET,NA,70,38.89,1.8,2024,7612300,,
139,304710.000,139 - RM OF LAC DU BONNET,NA,58,3.22,18,2024,2826300,,
139,176700.000,139 - RM OF LAC DU BONNET,10 HEATHER RD,39,22.31,1.7,2024,2533900,,
139,202100.000,139 - RM OF LAC DU BONNET,46 & 50 Purves RD,3,3.17,0.9,2019,457800,,
437,142150.000,437 - TOWN OF NEEPAWA,NA,60,10.49,5.7,2022,280700,,
437,65100.000,437 - TOWN OF NEEPAWA,307 DAVIDSON ST,48,0.31,154.8,2023,5483900,,
437,67000.000,437 - TOWN OF NEEPAWA,351 MOUNTAIN AVE,36,0.84,42.9,2024,4958900,,
437,1440.000,437 - TOWN OF NEEPAWA,31 - 37 HOWDEN AVE,32,1.78,18,2024,6520200,,
437,1450.000,437 - TOWN OF NEEPAWA,23 HOWDEN AVE,24,1.23,19.5,2022,4259600,,
437,67800.000,437 - TOWN OF NEEPAWA,11 - 298 BRYDON ST,12,0.38,31.6,2027,643700,,
437,123900.000,437 - TOWN OF NEEPAWA,397 FIRST AVE,5,0.3,16.7,2018,739200,,
437,121300.000,437 - TOWN OF NEEPAWA,244 HAMILTON ST,4,0.07,57.1,2019,185600,,
437,133700.000,437 - TOWN OF NEEPAWA,483 SECOND AVE,4,0.23,17.4,2022,659600,,
437,134000.000,437 - TOWN OF NEEPAWA,474 SECOND AVE,4,0.22,18.2,2019,545300,,
437,53000.000,437 - TOWN OF NEEPAWA,270 MAIN ST E,4,0.15,26.7,2024,565900,,
437,64000.000,437 - TOWN OF NEEPAWA,287 HAMILTON ST,3,0.19,15.8,2026,633600,,
433,301810.000,433 - CITY OF MORDEN,985 Wardrop ST,60,1.85,32.4,2024,9427900,,
433,42100.000,433 - CITY OF MORDEN,220 9TH ST S,26,1.45,17.9,2017,857100,,
433,301380.000,433 - CITY OF MORDEN,930 PARKHILL DR,24,0.99,24.2,2016,2652100,,
433,70700.000,433 - CITY OF MORDEN,375 THORNHILL ST,20,0.49,40.8,2021,2735800,,
433,42000.000,433 - CITY OF MORDEN,230 9TH ST S,18,2.07,8.7,2021,2180700,,
433,42300.000,433 - CITY OF MORDEN,126 9TH ST S,16,1.45,11,2017,1661500,,
433,210475.000,433 - CITY OF MORDEN,427 LOREN DR,15,1.34,11.2,2024,3135800,,
433,92650.000,433 - CITY OF MORDEN,215 Stephen ST,14,0.43,32.6,2017,1764900,,
433,350305.000,433 - CITY OF MORDEN,121 HANOVER DR,12,2,6,2025,1980500,,
433,131250.000,433 - CITY OF MORDEN,155 North Railway ST,8,0.2,40,2023,1237800,,
433,340135.000,433 - CITY OF MORDEN,Unit 8 - 111 9th ST S,7,0.07,100,2021,938100,,
433,44800.000,433 - CITY OF MORDEN,185 MOUNTAIN ST S,6,0.27,22.2,2023,295500,,
433,125400.000,433 - CITY OF MORDEN,505 NORTH RAILWAY ST,3,0.14,21.4,2017,318000,,
433,38400.000,433 - CITY OF MORDEN,343 MOUNTAIN ST,3,0.82,3.7,2018,796500,,
433,87100.000,433 - CITY OF MORDEN,65 STEPHEN ST,3,0.33,9.1,2019,549400,,
163,585500.000,163 - RM OF PORTAGE LA PRAIRIE,NA,188,42.3,4.4,2018,5646300,,
163,558120.000,163 - RM OF PORTAGE LA PRAIRIE,36127 ROAD 61 N,7,5,1.4,2016,243700,,
163,755800.000,163 - RM OF PORTAGE LA PRAIRIE,102 2nd ST,4,0.35,11.4,2020,488800,,
163,769200.000,163 - RM OF PORTAGE LA PRAIRIE,405 3RD AVE,4,0.38,10.5,2021,487700,,
163,552400.000,163 - RM OF PORTAGE LA PRAIRIE,60048 - 60052 ROAD 39 W,3,17.86,0.2,2016,215400,,
201,52800.000,201 - RM OF WEST ST. PAUL,3813 MAIN ST,139,9.27,15,2021,23809800,,
201,39700.000,201 - RM OF WEST ST. PAUL,269 BALDERSTONE RD,59,3.96,14.9,2020,13142300,,
129,183200.000,129 - RM OF GIMLI,21 BALL PARK WAY,40,1.38,29,2024,4703700,,
129,371800.000,129 - RM OF GIMLI,86 1ST AVE,40,0.42,95.2,2026,6633100,,
129,150900.000,129 - RM OF GIMLI,199 CENTRE AVE W,30,2.92,10.3,2025,6546800,,
129,30600.000,129 - RM OF GIMLI,103052 PTH 9,26,65.11,0.4,2019,1014200,,
129,188673.000,129 - RM OF GIMLI,228 MUNICIPAL DR,17,0.55,30.9,2023,796800,,
129,304200.000,129 - RM OF GIMLI,31 7TH AVE,10,0.56,17.9,2023,552100,,
129,374700.000,129 - RM OF GIMLI,47 1ST AVE,8,0.19,42.1,2024,2036600,,
129,136300.000,129 - RM OF GIMLI,109129 PTH 9,4,0.32,12.5,2017,360300,,
129,355000.000,129 - RM OF GIMLI,31 - 33 CENTRE ST,3,0.29,10.3,2018,641600,,
129,369000.000,129 - RM OF GIMLI,38 1ST AVE,3,0.19,15.8,2022,442900,,
400,17200.000,400 - TOWN OF ALTONA,140 10th AVE NE,117,4.32,27.1,2016,11141400,,
400,204644.000,400 - TOWN OF ALTONA,103 MILLENNIUM DR NW,18,0.58,31,2025,2309700,,
400,204640.000,400 - TOWN OF ALTONA,NA,16,0.94,17,2025,2315400,,
400,58600.000,400 - TOWN OF ALTONA,240 4TH AVE SE,8,0.39,20.5,2024,1092400,,
400,204641.000,400 - TOWN OF ALTONA,NA,6,0.24,25,2026,890000,,
400,375.000,400 - TOWN OF ALTONA,147 MAIN ST NE,6,0.2,30,2023,855700,,
400,380.000,400 - TOWN OF ALTONA,135 MAIN ST NE,6,0.2,30,2025,1014300,,
400,82000.000,400 - TOWN OF ALTONA,20 1ST ST SE,3,0.36,8.3,2018,216800,,
208,104940.000,208 - RM OF HEADINGLEY,NA,84,5.58,15.1,2019,11145100,row,already labelled
208,104960.000,208 - RM OF HEADINGLEY,29 BLUMBERG TRL,36,3.89,9.3,2022,7170600,,
208,80401.000,208 - RM OF HEADINGLEY,19 HEARTLAND TRL,24,1.18,20.3,2020,5479900,,
208,106300.000,208 - RM OF HEADINGLEY,850 GREEN OAKS LANE,7,27.44,0.3,2019,1567600,,
411,351500.000,411 - CITY OF DAUPHIN,201 HAWTHORNE AVE,50,8.51,5.9,2018,6565100,,
411,285500.000,411 - CITY OF DAUPHIN,133 2ND AVE NW,16,0.36,44.4,2027,640000,,
411,54600.000,411 - CITY OF DAUPHIN,213 MAIN ST N,15,0.21,71.4,2016,857000,,
411,42050.000,411 - CITY OF DAUPHIN,135 1ST AVE SW,14,0.38,36.8,2017,756700,,
411,278500.000,411 - CITY OF DAUPHIN,327 - 331 6TH AVE SE,8,0.38,21.1,2020,646800,,
411,81700.000,411 - CITY OF DAUPHIN,123 2ND AVE NW,8,0.3,26.7,2027,350900,,
411,234200.000,411 - CITY OF DAUPHIN,610 BUCHANON AVE,6,0.32,18.8,2023,498000,,
411,165000.000,411 - CITY OF DAUPHIN,436 - 440 1ST AVE NE,4,0.12,33.3,2020,164500,,
411,217200.000,411 - CITY OF DAUPHIN,102 RAILWAY AVE,4,0.24,16.7,2019,299800,,
411,376900.000,411 - CITY OF DAUPHIN,27 JACKSON ST,4,0.2,20,2022,429700,,
411,73800.000,411 - CITY OF DAUPHIN,121 2ND AVE NE,4,0.15,26.7,2022,244600,,
411,148700.000,411 - CITY OF DAUPHIN,815 MAIN ST S,3,0.14,21.4,2018,223600,,
411,219400.000,411 - CITY OF DAUPHIN,15 RAILWAY AVE,3,0.19,15.8,2017,227600,,
411,362100.000,411 - CITY OF DAUPHIN,318 BUCHANNON AVE,3,0.24,12.5,2025,220100,,
411,49000.000,411 - CITY OF DAUPHIN,217 MAIN ST S,3,0.14,21.4,2016,368600,,
411,50900.000,411 - CITY OF DAUPHIN,121 MAIN ST S,3,0.13,23.1,2026,287900,,
409,117505.000,409 - TOWN OF CARMAN,180 SOUTH PARK DR,68,7.04,9.7,2016,8977200,,
409,5700.000,409 - TOWN OF CARMAN,120 4TH AVE SW,22,2.07,10.6,2022,18129500,,
409,52200.000,409 - TOWN OF CARMAN,11 MAIN ST S,14,0.69,20.3,2024,886300,,
409,42600.000,409 - TOWN OF CARMAN,7 1ST AVE SW,10,0.22,45.5,2025,1343800,,
409,73700.000,409 - TOWN OF CARMAN,48 4TH AVE SW,8,0.71,11.3,2024,900300,,
409,37600.000,409 - TOWN OF CARMAN,105 2nd ST NW,6,0.3,20,2024,863600,,
409,19700.000,409 - TOWN OF CARMAN,80 & 82 MAIN ST S,3,0.17,17.6,2020,233900,,
138,103216.000,138 - RM OF LA BROQUERIE,185 CHEMIN TETRAULT RD,75,14.04,5.3,2024,10740500,,
138,114800.000,138 - RM OF LA BROQUERIE,146 PRINCIPALE ST,11,0.79,13.9,2018,1049500,,
138,113300.000,138 - RM OF LA BROQUERIE,11 CHOISELAT UNITS 1-10 ST,10,0.6,16.7,2016,1042400,,
138,115520.000,138 - RM OF LA BROQUERIE,64 - 82 JEANNE DR,10,0.32,31.2,2022,1201300,,
138,113295.000,138 - RM OF LA BROQUERIE,7 CHOISELAT ST,7,0.6,11.7,2017,614400,,
138,115515.000,138 - RM OF LA BROQUERIE,52 - 62 PROMENADE JEANNE DR,6,0.39,15.4,2018,834300,,
138,114405.156,138 - RM OF LA BROQUERIE,38 DES PIGNONS ST,5,0.26,19.2,2024,716800,,
110,36700.000,110 - RM OF BROKENHEAD,21 - 23 PINE AVE,68,8.72,7.8,2022,7213300,,
110,21335.000,110 - RM OF BROKENHEAD,66 PIERSON DR,42,1.69,24.9,2026,6418000,,
110,248800.000,110 - RM OF BROKENHEAD,38087 MILE 86N,8,37.36,0.2,2026,860800,,
110,13525.000,110 - RM OF BROKENHEAD,68 PIERSON DR,4,0.2,20,2026,632800,,
189,618790.000,189 - RM OF SPRINGFIELD,800 JAFFRAY ST,47,2.63,17.9,2018,9131300,,
189,178800.000,189 - RM OF SPRINGFIELD,628 MAIN ST,24,1.34,17.9,2016,2940300,,
189,179100.000,189 - RM OF SPRINGFIELD,604 MAIN ST,21,0.67,31.3,2018,3027200,,
189,695700.000,189 - RM OF SPRINGFIELD,Unit 862 - 868 WEISER CRES,12,0.65,18.5,2019,1414900,,
189,289760.000,189 - RM OF SPRINGFIELD,68008 PR 212 RD 30E,10,1.92,5.2,2023,314400,,
189,29000.000,189 - RM OF SPRINGFIELD,59004 PR 207 RD 23E,3,26.12,0.1,2026,4846400,,
457,250110.000,457 - TOWN OF THE PAS,524 FAFORD AVE,45,3.72,12.1,2020,2352300,,
457,57450.000,457 - TOWN OF THE PAS,627 CATHEDRAL AVE,36,0.99,36.4,2020,686800,,
457,103300.000,457 - TOWN OF THE PAS,19 2ND ST W,16,0.3,53.3,2016,638800,,
457,103800.000,457 - TOWN OF THE PAS,239 COOK AVE,4,0.2,20,2022,458200,,
457,114000.000,457 - TOWN OF THE PAS,336 CROSSLEY AVE,4,0.2,20,2016,442800,,
457,114400.000,457 - TOWN OF THE PAS,304 CROSSLEY AVE,4,0.18,22.2,2016,410900,,
457,182630.000,457 - TOWN OF THE PAS,17 ST GODDARD ST,4,0.21,19,2017,418600,,
457,17100.000,457 - TOWN OF THE PAS,680 CATHEDRAL AVE E,3,0.23,13,2023,432100,,
435,105000.000,435 - TOWN OF MORRIS,54 Agassiz TRL,24,1.1,21.8,2022,2460600,,
435,105100.000,435 - TOWN OF MORRIS,40 Agassiz TRL,12,1.1,10.9,2023,1695600,,
435,40850.000,435 - TOWN OF MORRIS,40 55 70 REBECCA COVE,12,1.16,10.3,2020,1040300,,
435,105225.000,435 - TOWN OF MORRIS,NA,8,0.24,33.3,2023,1052200,,
435,100890.000,435 - TOWN OF MORRIS,138 Southwood RD,6,0.37,16.2,2022,426100,,
435,105325.000,435 - TOWN OF MORRIS,12 AGASSIZ TRL,6,0.23,26.1,2024,719000,,
435,105350.000,435 - TOWN OF MORRIS,4 AGASSIZ TRL,6,0.22,27.3,2024,722200,,
435,7200.000,435 - TOWN OF MORRIS,339 MAIN ST S,6,0.25,24,2019,429700,,
435,22000.000,435 - TOWN OF MORRIS,161 CHARLES ST W,5,0.33,15.2,2025,350500,,
435,104700.000,435 - TOWN OF MORRIS,1 Agassiz TRL,4,0.25,16,2027,642400,,
435,104775.000,435 - TOWN OF MORRIS,61 - 63 Agassiz TRL,4,0.18,22.2,2025,443400,,
435,104780.000,435 - TOWN OF MORRIS,65 - 67 Agassiz TRL,4,0.2,20,2025,436900,,
435,18100.000,435 - TOWN OF MORRIS,257 BOYNE AVE W,4,0.12,33.3,2027,694000,,
435,43500.000,435 - TOWN OF MORRIS,136 BOYNE AVE E,4,0.18,22.2,2026,493100,,
192,70300.000,192 - RM OF PRAIRIE LAKES,NA,20,2.2,9.1,2025,1801000,,
192,83207.000,192 - RM OF PRAIRIE LAKES,SPRUCE & PINE ST,18,2.07,8.7,2018,2609400,,
192,83209.000,192 - RM OF PRAIRIE LAKES,NLSD,17,1.95,8.7,2018,1663700,,
192,83205.000,192 - RM OF PRAIRIE LAKES,"OAK - ASH ALDER, WILLOW ST",15,0.55,27.3,2025,1078300,,
192,83211.000,192 - RM OF PRAIRIE LAKES,SLSD,8,0.92,8.7,2018,868700,,
192,83453.000,192 - RM OF PRAIRIE LAKES,ANGEL POINT,8,0.92,8.7,2018,1409200,,
192,93339.000,192 - RM OF PRAIRIE LAKES,NA,4,4.92,0.8,2016,223800,,
192,281885.000,192 - RM OF PRAIRIE LAKES,NA,3,0.45,6.7,2026,771700,,
152,205345.000,152 - RM OF MORRIS,20 SPARK ST,18,0.96,18.8,2027,2119400,,
152,205410.000,152 - RM OF MORRIS,1 - 33 SPARK ST,17,1.34,12.7,2025,2716400,,
152,199675.000,152 - RM OF MORRIS,14 SPRUCE CRES,12,1.46,8.2,2018,2563600,,
152,202630.000,152 - RM OF MORRIS,9 Ember DR,12,1.8,6.7,2023,1647500,,
152,199678.000,152 - RM OF MORRIS,NA,8,1.3,6.2,2021,1283000,,
152,205380.000,152 - RM OF MORRIS,41 - 53 SPARK ST,7,0.52,13.5,2027,1042100,,
152,205360.000,152 - RM OF MORRIS,69 - 73 SPARK ST,3,0.3,10,2027,812500,,
152,205385.000,152 - RM OF MORRIS,35 - 39 SPARK ST,3,0.26,11.5,2027,812500,,
152,205420.000,152 - RM OF MORRIS,4 Ash BAY,3,0.21,14.3,2026,508900,,
152,205495.000,152 - RM OF MORRIS,34 Ash BAY,3,0.21,14.3,2026,490800,,
729,419900.000,729 - MEADOW PORTAGE-NORTHERN AFFAIRS ACT,PR 276,86,25.48,3.4,2020,2306300,,
196,377300.000,196 - MUNICIPALITY OF KILLARNEY-TURTLE MOUNTAIN,110 CLARK AVE,34,1.71,19.9,2023,1151200,,
196,446350.000,196 - MUNICIPALITY OF KILLARNEY-TURTLE MOUNTAIN,301 MOUNTAIN AVE,32,0.79,40.5,2026,6003500,,
196,361500.000,196 - MUNICIPALITY OF KILLARNEY-TURTLE MOUNTAIN,411 MOUNTAIN AVE,10,0.69,14.5,2019,1649300,,
105,421910.000,105 - MUNICIPALITY OF BIFROST-RIVERTON,64 MAIN ST N,39,2.08,18.8,2017,2955200,,
105,438500.000,105 - MUNICIPALITY OF BIFROST-RIVERTON,70 MAIN ST,12,0.47,25.5,2017,1028200,,
105,438550.000,105 - MUNICIPALITY OF BIFROST-RIVERTON,5 HELEN AVE,10,0.26,38.5,2025,1116000,,
105,409800.000,105 - MUNICIPALITY OF BIFROST-RIVERTON,NA,8,0.23,34.8,2026,907600,,
105,239550.000,105 - MUNICIPALITY OF BIFROST-RIVERTON,143159 Road 20 E,5,4.65,1.1,2027,306300,,
431,101300.000,431 - TOWN OF MINNEDOSA,169 MAIN ST S,42,0.57,73.7,2019,2486400,,
431,91100.000,431 - TOWN OF MINNEDOSA,WESTVIEW ESTATES,15,1.77,8.5,2017,3102900,,
431,75050.000,431 - TOWN OF MINNEDOSA,140 3RD AVE SW,8,0.65,12.3,2020,992600,,
431,101400.000,431 - TOWN OF MINNEDOSA,149 MAIN ST S,3,0.14,21.4,2026,254100,,
431,110800.000,431 - TOWN OF MINNEDOSA,314 MAIN ST N,3,0.51,5.9,2027,225900,,
116,105670.000,116 - RM OF CORNWALLIS,NA,66,8.66,7.6,2019,4195500,,
182,315200.000,182 - MUNICIPALITY OF ROBLIN,355 6TH AVE NW,59,6.71,8.8,2024,1160900,,
182,346600.000,182 - MUNICIPALITY OF ROBLIN,345 MAIN ST W,3,0.44,6.8,2018,298700,,
121,79800.000,121 - RM OF EAST ST. PAUL,1915 HODDINOTT RD,48,3.78,12.7,2023,11008600,,
121,84010.000,121 - RM OF EAST ST. PAUL,3110 BIRDS HILL RD,8,2.01,4,2023,351900,,
300,32300.000,300 - TOWN OF ARBORG,263 PARK CRES,18,2.44,7.4,2025,2311000,,
300,6820.000,300 - TOWN OF ARBORG,320 THIRD AVE,12,1.24,9.7,2021,1712300,,
300,42000.000,300 - TOWN OF ARBORG,331 FIRST AVE,10,0.97,10.3,2016,849800,,
300,13700.000,300 - TOWN OF ARBORG,508 RIVER RD,6,1.34,4.5,2023,876800,,
300,25400.000,300 - TOWN OF ARBORG,431 CROSSTOWN AVE,5,0.22,22.7,2027,782900,,
300,41730.000,300 - TOWN OF ARBORG,323 FIRST AVE,5,0.58,8.6,2019,426000,,
449,2200.000,449 - MUNICIPALITY OF SOURIS-GLENWOOD,19 3RD AVE W,23,0.65,35.4,2016,808000,,
449,118000.000,449 - MUNICIPALITY OF SOURIS-GLENWOOD,105 1ST ST S,18,0.88,20.5,2020,4781600,,
449,16400.000,449 - MUNICIPALITY OF SOURIS-GLENWOOD,134 5th AVE W,5,0.62,8.1,2019,713800,,
449,16100.000,449 - MUNICIPALITY OF SOURIS-GLENWOOD,90 4TH ST S,3,0.42,7.1,2023,319100,,
449,3800.000,449 - MUNICIPALITY OF SOURIS-GLENWOOD,16 - 20 4TH AVE W,3,0.15,20,2018,387300,,
449,4100.000,449 - MUNICIPALITY OF SOURIS-GLENWOOD,28 - 32 4TH AVE W,3,0.13,23.1,2018,387300,,
363,30200.000,363 - TOWN OF TEULON,112 BEACH RD E,24,1.24,19.4,2016,712400,,
363,6900.000,363 - TOWN OF TEULON,149 FIRST ST SE,16,0.45,35.6,2017,678300,,
363,37800.000,363 - TOWN OF TEULON,137 FIFTH AVE SE,12,1.01,11.9,2019,1291000,,
146,52210.000,146 - RM OF MACDONALD,180 FOREST DR,46,2.32,19.8,2021,9793000,,
146,447150.000,146 - RM OF MACDONALD,COUNTRY VISTA DR,4,0.56,7.1,2027,1289600,,
429,45500.000,429 - TOWN OF MELITA,198 TOWNSEND DR,48,4.12,11.7,2022,1618000,,
407,78000.000,407 - TOWN OF CARBERRY,555 MAIN ST,17,4.16,4.1,2020,2871300,,
407,78300.000,407 - TOWN OF CARBERRY,442 WHEATLAND DR,8,0.3,26.7,2024,446800,,
407,83700.000,407 - TOWN OF CARBERRY,365 DUFFERIN ST,8,0.45,17.8,2017,847300,,
407,83800.000,407 - TOWN OF CARBERRY,347 DUFFERIN ST,8,0.44,18.2,2017,847300,,
407,15300.000,407 - TOWN OF CARBERRY,111 YOUNG ST,3,0.16,18.8,2016,303500,,
357,21700.000,357 - VILLAGE OF ST. PIERRE-JOLYS,353 SABOURIN ST,36,3.01,12,2026,5147100,,
357,20610.000,357 - VILLAGE OF ST. PIERRE-JOLYS,317 JOUBERT ST,6,0.34,17.6,2026,812500,,
119,146000.000,119 - RM OF DE SALABERRY,30 DE L`EGLISE AV,22,0.74,29.7,2025,1824400,,
119,70150.000,119 - RM OF DE SALABERRY,110 CHEM EAST LAKESHORE RD,9,2.83,3.2,2021,816200,,
119,181610.000,119 - RM OF DE SALABERRY,163 ST. MALO ST,4,0.61,6.6,2022,583200,,
119,173800.000,119 - RM OF DE SALABERRY,76 BOURGEOIS AVE,3,0.13,23.1,2021,223700,,
164,414930.000,164 - MUNICIPALITY OF RHINELAND,16 MAPLE DR,23,1.29,17.8,2017,569800,,
164,437765.000,164 - MUNICIPALITY OF RHINELAND,136 RIVER AVE,8,0.33,24.2,2026,1005300,,
164,401150.000,164 - MUNICIPALITY OF RHINELAND,311 MAIN AVE,4,0.1,40,2021,166700,,
144,329500.000,144 - MUNICIPALITY OF LORNE,88 NOTRE DAME AVE NW,18,2.29,7.9,2017,1594700,,
144,300200.000,144 - MUNICIPALITY OF LORNE,283 NOTRE DAME AVE SW,8,1.6,5,2025,1330000,,
144,53300.000,144 - MUNICIPALITY OF LORNE,36 BAIE DU LAC,5,0.59,8.5,2027,376100,,
144,300700.000,144 - MUNICIPALITY OF LORNE,233 NOTRE DAME AVE SW,3,0.41,7.3,2025,218700,,
616,15900.000,616 - LGD OF PINAWA,20 ALEXANDER AVE,17,1.13,15,2027,1147600,,
616,3980.000,616 - LGD OF PINAWA,70 VANIER AV,16,3.75,4.3,2022,1711500,,
183,371484.000,183 - YELLOWHEAD MUNICIPALITY,520 - 522 MARY ST,27,0.96,28.1,2022,657500,,
445,88350.000,445 - MUNICIPALITY OF RUSSELL-BINSCARTH,607 Main ST N,24,1.1,21.8,2018,2695900,,
445,26500.000,445 - MUNICIPALITY OF RUSSELL-BINSCARTH,203 MEMORIAL AVE N,3,0.24,12.5,2023,229700,,
455,313900.000,455 - TOWN OF SWAN RIVER,1331 1ST ST N,14,1,14,2019,761900,,
455,225200.000,455 - TOWN OF SWAN RIVER,526 MAIN ST,5,0.12,41.7,2022,293300,,
455,159500.000,455 - TOWN OF SWAN RIVER,440 CURRIE RD N,4,0.51,7.8,2020,540700,,
455,41300.000,455 - TOWN OF SWAN RIVER,125 6TH AVE S,3,0.15,20,2025,394100,,
114,211500.000,114 - MUNICIPALITY OF CLANWILLIAM-ERICKSON,59 FIRST ST NE,21,0.69,30.4,2017,450700,,
114,218000.000,114 - MUNICIPALITY OF CLANWILLIAM-ERICKSON,39 MAIN ST,3,0.14,21.4,2023,157500,,
609,47900.000,609 - MUNICIPALITY OF HARRISON PARK,NA,9,93.5,0.1,2025,7511700,,
609,51840.000,609 - MUNICIPALITY OF HARRISON PARK,SPORTYS-OLD RED BARN,9,4.19,2.1,2017,843700,,
609,97650.000,609 - MUNICIPALITY OF HARRISON PARK,12 Victor AVE,6,0.35,17.1,2018,421600,,
175,55214.000,175 - RM OF STE. ANNE,71 - 83 GODARD ST,9,3.44,2.6,2018,1158500,,
175,55198.000,175 - RM OF STE. ANNE,149 DAWSON RD E,8,1.79,4.5,2020,1332400,,
175,65620.000,175 - RM OF STE. ANNE,42122 46 RD N,5,5,1,2020,168400,,
205,31200.000,205 - MUNICIPALITY OF DELORAINE-WINCHESTER,NA,18,19.13,0.9,2027,2338800,,
205,214150.000,205 - MUNICIPALITY OF DELORAINE-WINCHESTER,110 LAKE ST N,4,1.01,4,2025,245100,,
461,144800.000,461 - TOWN OF VIRDEN,580 EDGAR AVE,12,3.84,3.1,2016,1514000,,
461,62100.000,461 - TOWN OF VIRDEN,241 9TH AVE S,6,0.73,8.2,2016,227400,,
461,27600.000,461 - TOWN OF VIRDEN,423 7TH AVE S,4,0.1,40,2018,387800,,
112,123850.000,112 - RM OF CARTIER,11 MAGLOIRE ST,21,2.54,8.3,2018,944600,,
448,34700.000,448 - TOWN OF SNOW LAKE,248 COPPER RD,18,0.87,20.7,2016,2082500,,
448,64600.000,448 - TOWN OF SNOW LAKE,8 TAYLOR BAY,3,0.55,5.5,2023,632700,,
206,74100.000,206 - RM OF WOODLANDS,10123 ROAD 82NW,17,40.13,0.4,2018,1199400,,
206,27400.000,206 - RM OF WOODLANDS,323 ATWELL LANE,3,0.24,12.5,2017,231700,,
133,96750.000,133 - RM OF GREY,78 GORDON AVE,13,1.99,6.5,2020,578800,,
133,87200.000,133 - RM OF GREY,14 RAILWAY AVE,6,0.39,15.4,2018,328000,,
156,324100.000,156 - MUNICIPALITY OF NORTH NORFOLK,66 VICTORIA ST,16,0.76,21.1,2018,2819000,,
333,17595.000,333 - TOWN OF LAC DU BONNET,46 PARK AVE,6,0.16,37.5,2026,1103800,,
333,6300.000,333 - TOWN OF LAC DU BONNET,71 FOURTH ST,6,0.55,10.9,2026,1084300,,
333,7105.000,333 - TOWN OF LAC DU BONNET,86 4th ST,4,0.35,11.4,2016,552500,,
127,357900.000,127 - MUNICIPALITY OF EMERSON-FRANKLIN,28 FIRST ST,12,0.59,20.3,2027,561600,,
127,226515.000,127 - MUNICIPALITY OF EMERSON-FRANKLIN,27092 13N,3,39.91,0.1,2024,246500,,
181,13980.000,181 - RM OF RIDING MOUNTAIN WEST,NA,14,6.95,2,2016,2435000,,
359,13400.000,359 - MUNICIPALITY OF STE. ROSE,613 - 615 THIRD AVE E,8,0.31,25.8,2016,571700,,
359,300.000,359 - MUNICIPALITY OF STE. ROSE,120 - 150 ELEVATOR ST E,4,6.57,0.6,2022,471000,,
600,133747.000,600 - RM OF ALEXANDER,107010 304 PR RD,8,3.41,2.3,2023,291600,,
600,112600.000,600 - RM OF ALEXANDER,104058 PTH 11,4,0.48,8.3,2023,305300,,
612,117200.000,612 - RM OF STUARTBURN,225 - 227 1ST ST W,12,3.03,4,2023,1913600,,
176,653900.000,176 - RM OF ST. CLEMENTS,210 ARNHOLD ST,6,0.68,8.8,2024,276000,,
176,660430.000,176 - RM OF ST. CLEMENTS,60 ARNHOLD ST,5,0.66,7.6,2024,419300,,
184,212000.000,184 - RM OF SIFTON,130 CAMERON ST W,11,0.29,37.9,2025,974600,,
619,1500.000,619 - TOWN OF GILLAM,223 RAILWAY AVE,11,0.14,78.6,2016,759400,,
153,262700.000,153 - MUNICIPALITY OF BOISSEVAIN-MORTON,550 MILL RD,6,1.46,4.1,2020,736000,,
153,237200.000,153 - MUNICIPALITY OF BOISSEVAIN-MORTON,478 CHERRY ST,4,0.28,14.3,2017,377800,,
168,75000.000,168 - RM OF ROCKWOOD,166 DUFFERIN DR,10,0.55,18.2,2027,1441200,,
187,234570.000,187 - MUNICIPALITY OF GLENBORO-SOUTH CYPRESS,104 - 114 MILES ST,10,3.95,2.5,2017,748800,,
606,462550.000,606 - RM OF GRAHAMDALE,193 BIG ROCK RD,7,59.87,0.1,2016,232500,,
606,433100.000,606 - RM OF GRAHAMDALE,50010 ROAD 190 N,3,12.39,0.2,2026,811200,,
178,25932.000,178 - RM OF ST. LAURENT,Father Guy Lavallee BAY,9,9.52,0.9,2022,1453600,,
162,39000.000,162 - RM OF PIPESTONE,125 - 133 SIXTH ST,4,0.48,8.3,2018,279600,,
162,54870.000,162 - RM OF PIPESTONE,THIRD AVE,4,1.29,3.1,2018,613600,,
177,111900.000,177 - RM OF ST. FRANCOIS XAVIER,1005 26 HWY,8,0.84,9.5,2018,618000,,
331,46300.000,331 - HAMIOTA MUNICIPALITY,74 MAPLE AVE E,8,0.89,9,2020,824600,,
443,16700.000,443 - RIVERDALE MUNICIPALITY,529 3RD AVE,4,0.32,12.5,2016,419100,,
443,34800.000,443 - RIVERDALE MUNICIPALITY,427 MAIN ST,4,0.3,13.3,2022,470800,,
167,234150.000,167 - CARTWRIGHT-ROBLIN MUNICIPALITY,545/555/ - 565/575 SOUTH RAILW,4,0.96,4.2,2016,296400,,
167,211300.000,167 - CARTWRIGHT-ROBLIN MUNICIPALITY,645 BROADWAY ST,3,0.16,18.8,2022,206500,,
465,39700.000,465 - TOWN OF WINNIPEG BEACH,268 NO 9 HWY,6,0.34,17.6,2021,586200,,
750,67300.000,750 - FISHER BAY-NORTHERN AFFAIRS ACT,NA,3,152.26,0,2022,289600,,
750,67690.000,750 - FISHER BAY-NORTHERN AFFAIRS ACT,NA,3,76.12,0,2022,244100,,
605,457660.000,605 - RM OF FISHER,21 HERITAGE ROW,5,2.08,2.4,2017,513800,,
704,244450.000,704 - GODS LAKE NARROWS-NORTHERN AFFAIRS ACT,NA,5,1.23,4.1,2022,232600,,
707,96362.000,707 - INCORPORATED COMMUNITY OF CROSS LAKE,601 SETTEE DR,5,0.58,8.6,2016,269600,,
111,438605.000,111 - MUNICIPALITY OF GRASSLAND,216 QUEEN ST,4,0.3,13.3,2019,298800,,
145,335060.000,145 - MUNICIPALITY OF LOUISE,6 - 12 NORTH RAILWAY AVE E,4,0.79,5.1,2018,424300,,
157,221550.000,157 - MUNICIPALITY OF OAKLAND-WAWANESA,204 COMMERCIAL ST,4,0.38,10.5,2024,624400,,
174,217700.000,174 - RM OF ST. ANDREWS,35 STEVENS AVE E,4,0.99,4,2025,339600,,
323,35700.000,323 - GILBERT PLAINS MUNICIPALITY,109 - 115 SCHOOL ST,4,0.69,5.8,2016,318400,,
700,249015.000,700 - MUNICIPAL AND NORTHERN RELATIONS,NA,4,78.59,0.1,2022,1848200,,
715,123400.000,715 - THICKET PORTAGE-NORTHERN AFFAIRS ACT,NA,4,4,1,2025,516500,,
782,48800.000,782 - BARROWS-NORTHERN AFFAIRS ACT,NA,4,2.75,1.5,2025,428500,,
115,38300.000,115 - RM OF COLDWELL,103138 HWY 6,3,7.84,0.4,2023,193000,,
124,49210.000,124 - RM OF ELTON,60028 ROAD 109W,3,2.03,1.5,2019,445600,,
151,124400.000,151 - RM OF MONTCALM,151 - 153 CARON ST,3,0.38,7.9,2020,271000,,
169,70805.000,169 - RM OF ROLAND,Unit 1-3 - 40 PACIFIC AVE,3,0.32,9.4,2022,267400,,
188,222500.000,188 - MUNICIPALITY OF NORFOLK TREHERNE,54080 PTH2,3,1.21,2.5,2027,274400,,
198,106540.000,198 - RM OF VICTORIA BEACH,19 ATEAH RD,3,1.03,2.9,2024,336800,,
200,378700.000,200 - MUNICIPALITY OF WESTLAKE-GLADSTONE,113 BROADWAY AVE E,3,0.52,5.8,2018,211200,,
702,196100.000,702 - MUNICIPAL AND NORTHERN RELATIONS,NA,3,205.01,0,2023,279100,,
